,Address,Price,Beds,Source,lat,long
0,"1901 N Lincoln Ave, Urbana, IL 61801",615,2bd,apartments.com,40.1299138,-88.22012864975372
1,"1901 N Lincoln Ave, Urbana, IL 61801",565,3bd,apartments.com,40.1299138,-88.22012864975372
2,"1901 N Lincoln Ave, Urbana, IL 61801",495,4bd,apartments.com,40.1299138,-88.22012864975372
3,"1032 Kerr Ave E, Urbana, IL 61802",745,1bd,apartments.com,40.1236031,-88.1967487
4,"1032 Kerr Ave E, Urbana, IL 61802",795,1bd,apartments.com,40.1236031,-88.1967487
5,"1032 Kerr Ave E, Urbana, IL 61802",805,1bd,apartments.com,40.1236031,-88.1967487
6,"1032 Kerr Ave E, Urbana, IL 61802",815,1bd,apartments.com,40.1236031,-88.1967487
7,"1032 Kerr Ave E, Urbana, IL 61802",845,1bd,apartments.com,40.1236031,-88.1967487
8,"1032 Kerr Ave E, Urbana, IL 61802",865,1bd,apartments.com,40.1236031,-88.1967487
9,"1032 Kerr Ave E, Urbana, IL 61802",915,2bd,apartments.com,40.1236031,-88.1967487
10,"1032 Kerr Ave E, Urbana, IL 61802",975,2bd,apartments.com,40.1236031,-88.1967487
11,"202 E Daniel St, Champaign, IL 61820",1659,1bd,apartments.com,40.1082852,-88.23655539963613
12,"202 E Daniel St, Champaign, IL 61820",1695,1bd,apartments.com,40.1082852,-88.23655539963613
13,"202 E Daniel St, Champaign, IL 61820",1269,2bd,apartments.com,40.1082852,-88.23655539963613
14,"202 E Daniel St, Champaign, IL 61820",1279,2bd,apartments.com,40.1082852,-88.23655539963613
15,"202 E Daniel St, Champaign, IL 61820",1289,2bd,apartments.com,40.1082852,-88.23655539963613
16,"202 E Daniel St, Champaign, IL 61820",899,4bd,apartments.com,40.1082852,-88.23655539963613
17,"202 E Daniel St, Champaign, IL 61820",959,4bd,apartments.com,40.1082852,-88.23655539963613
18,"202 E Daniel St, Champaign, IL 61820",999,4bd,apartments.com,40.1082852,-88.23655539963613
19,"519 E Green St, Champaign, IL 61820",1250,2bd,apartments.com,40.1101671,-88.2306188
20,"519 E Green St, Champaign, IL 61820",1400,3bd,apartments.com,40.1101671,-88.2306188
21,"51 E John St, Champaign, IL 61820",980,2bd,apartments.com,40.10891376923077,-88.24005861538461
22,"51 E John St, Champaign, IL 61820",895,4bd,apartments.com,40.10891376923077,-88.24005861538461
23,"112 E Green St, Champaign, IL 61820",850,2bd,apartments.com,40.1103785,-88.2372133
24,"112 E Green St, Champaign, IL 61820",900,2bd,apartments.com,40.1103785,-88.2372133
25,"1205 E Florida Ave, Urbana, IL 61801",899,2bd,apartments.com,40.09737245,-88.1936766
26,"1205 E Florida Ave, Urbana, IL 61801",949,2bd,apartments.com,40.09737245,-88.1936766
27,"1905 N Cunningham Ave, Urbana, IL 61802",865,Studio,apartments.com,40.13089805301729,-88.19715860901138
28,"1905 N Cunningham Ave, Urbana, IL 61802",1145,1bd,apartments.com,40.13089805301729,-88.19715860901138
29,"1905 N Cunningham Ave, Urbana, IL 61802",1295,2bd,apartments.com,40.13089805301729,-88.19715860901138
30,"1905 N Cunningham Ave, Urbana, IL 61802",1385,2bd,apartments.com,40.13089805301729,-88.19715860901138
31,"615 S Wright St, Champaign, IL 61820",1850,2bd,apartments.com,40.1145339,-88.2289391
32,"615 S Wright St, Champaign, IL 61820",2650,3bd,apartments.com,40.1145339,-88.2289391
33,"615 S Wright St, Champaign, IL 61820",2700,3bd,apartments.com,40.1145339,-88.2289391
34,"112 E Chalmers St, Champaign, IL 61820",950,3bd,apartments.com,40.106617346938776,-88.23833751020409
35,"112 E Chalmers St, Champaign, IL 61820",895,4bd,apartments.com,40.106617346938776,-88.23833751020409
36,"28 E Green St, Champaign, IL 61820",1715,1bd,apartments.com,40.11028383726212,-88.24094659777512
37,"28 E Green St, Champaign, IL 61820",1760,1bd,apartments.com,40.11028383726212,-88.24094659777512
38,"28 E Green St, Champaign, IL 61820",1515,2bd,apartments.com,40.11028383726212,-88.24094659777512
39,"28 E Green St, Champaign, IL 61820",965,3bd,apartments.com,40.11028383726212,-88.24094659777512
40,"28 E Green St, Champaign, IL 61820",875,4bd,apartments.com,40.11028383726212,-88.24094659777512
41,"502 W Green St, Urbana, IL 61801",500,4bd,apartments.com,40.11105555,-88.21380267764113
42,"410 N Lincoln Ave, Urbana, IL 61801",1259,Studio,apartments.com,40.1158964,-88.2190945
43,"410 N Lincoln Ave, Urbana, IL 61801",1549,1bd,apartments.com,40.1158964,-88.2190945
44,"410 N Lincoln Ave, Urbana, IL 61801",1029,2bd,apartments.com,40.1158964,-88.2190945
45,"410 N Lincoln Ave, Urbana, IL 61801",1039,2bd,apartments.com,40.1158964,-88.2190945
46,"410 N Lincoln Ave, Urbana, IL 61801",1039,2bd,apartments.com,40.1158964,-88.2190945
47,"410 N Lincoln Ave, Urbana, IL 61801",1049,2bd,apartments.com,40.1158964,-88.2190945
48,"410 N Lincoln Ave, Urbana, IL 61801",739,4bd,apartments.com,40.1158964,-88.2190945
49,"404 E Michigan Ave, Urbana, IL 61801",1025,2bd,apartments.com,40.10219775,-88.20306123804824
50,"404 E Michigan Ave, Urbana, IL 61801",1075,2bd,apartments.com,40.10219775,-88.20306123804824
51,"404 E Michigan Ave, Urbana, IL 61801",800,2bd,apartments.com,40.10219775,-88.20306123804824
52,"404 E Michigan Ave, Urbana, IL 61801",980,2bd,apartments.com,40.10219775,-88.20306123804824
53,"404 E Michigan Ave, Urbana, IL 61801",775,2bd,apartments.com,40.10219775,-88.20306123804824
54,"404 E Michigan Ave, Urbana, IL 61801",875,3bd,apartments.com,40.10219775,-88.20306123804824
55,"404 E Michigan Ave, Urbana, IL 61801",1025,1bd,apartments.com,40.10219775,-88.20306123804824
56,"404 E Michigan Ave, Urbana, IL 61801",770,2bd,apartments.com,40.10219775,-88.20306123804824
57,"1601 N Lincoln Ave, Urbana, IL 61801",685,2bd,apartments.com,40.128217649999996,-88.22028346175799
58,"1601 N Lincoln Ave, Urbana, IL 61801",590,3bd,apartments.com,40.128217649999996,-88.22028346175799
59,"1601 N Lincoln Ave, Urbana, IL 61801",540,4bd,apartments.com,40.128217649999996,-88.22028346175799
60,"1321 N Lincoln Ave, Urbana, IL 61801",1245,1bd,apartments.com,40.1248316,-88.2213989
61,"1321 N Lincoln Ave, Urbana, IL 61801",655,2bd,apartments.com,40.1248316,-88.2213989
62,"1321 N Lincoln Ave, Urbana, IL 61801",675,2bd,apartments.com,40.1248316,-88.2213989
63,"1321 N Lincoln Ave, Urbana, IL 61801",490,4bd,apartments.com,40.1248316,-88.2213989
64,"410 E Green St, Champaign, IL 61820",950,3bd,apartments.com,40.11034645998208,-88.23326462914497
65,"410 E Green St, Champaign, IL 61820",1000,3bd,apartments.com,40.11034645998208,-88.23326462914497
66,"509 E Green St, Champaign, IL 61820",1100,2bd,apartments.com,40.1101743,-88.2309118
67,"11 E Columbia Ave, Champaign, IL 61820",1050,1bd,apartments.com,40.12118400998356,-88.24306336774745
68,"11 E Columbia Ave, Champaign, IL 61820",1315,2bd,apartments.com,40.12118400998356,-88.24306336774745
69,"512 S Third St, Champaign, IL 61820",779,2bd,apartments.com,40.112031200000004,-88.23513212822255
70,"512 S Third St, Champaign, IL 61820",819,2bd,apartments.com,40.112031200000004,-88.23513212822255
71,"512 S Third St, Champaign, IL 61820",939,2bd,apartments.com,40.112031200000004,-88.23513212822255
72,"512 S Third St, Champaign, IL 61820",1019,2bd,apartments.com,40.112031200000004,-88.23513212822255
73,"512 S Third St, Champaign, IL 61820",939,2bd,apartments.com,40.112031200000004,-88.23513212822255
74,"512 S Third St, Champaign, IL 61820",699,3bd,apartments.com,40.112031200000004,-88.23513212822255
75,"512 S Third St, Champaign, IL 61820",709,3bd,apartments.com,40.112031200000004,-88.23513212822255
76,"512 S Third St, Champaign, IL 61820",739,3bd,apartments.com,40.112031200000004,-88.23513212822255
77,"512 S Third St, Champaign, IL 61820",799,3bd,apartments.com,40.112031200000004,-88.23513212822255
78,"512 S Third St, Champaign, IL 61820",859,3bd,apartments.com,40.112031200000004,-88.23513212822255
79,"512 S Third St, Champaign, IL 61820",669,4bd,apartments.com,40.112031200000004,-88.23513212822255
80,"512 S Third St, Champaign, IL 61820",689,4bd,apartments.com,40.112031200000004,-88.23513212822255
81,"512 S Third St, Champaign, IL 61820",709,4bd,apartments.com,40.112031200000004,-88.23513212822255
82,"512 S Third St, Champaign, IL 61820",739,4bd,apartments.com,40.112031200000004,-88.23513212822255
83,"512 S Third St, Champaign, IL 61820",779,4bd,apartments.com,40.112031200000004,-88.23513212822255
84,"200 S Vine St, Urbana, IL 61802",1495,2bd,apartments.com,40.111545,-88.204875
85,"200 S Vine St, Urbana, IL 61802",1575,2bd,apartments.com,40.111545,-88.204875
86,"200 S Vine St, Urbana, IL 61802",1700,3bd,apartments.com,40.111545,-88.204875
87,"200 S Vine St, Urbana, IL 61802",1750,3bd,apartments.com,40.111545,-88.204875
88,"911 W Springfield Ave, Urbana, IL 61801",725,1bd,apartments.com,40.1125857,-88.22037905030678
89,"911 W Springfield Ave, Urbana, IL 61801",875,1bd,apartments.com,40.1125857,-88.22037905030678
90,"911 W Springfield Ave, Urbana, IL 61801",1050,2bd,apartments.com,40.1125857,-88.22037905030678
91,"911 W Springfield Ave, Urbana, IL 61801",1125,4bd,apartments.com,40.1125857,-88.22037905030678
92,"1306 N Lincoln Ave, Urbana, IL 61801",445,1bd,apartments.com,40.1245174,-88.21855974971189
93,"1306 N Lincoln Ave, Urbana, IL 61801",425,4bd,apartments.com,40.1245174,-88.21855974971189
94,"1714 E Colorado Ave, Urbana, IL 61802",1050,1bd,apartments.com,40.095013050000006,-88.1870994
95,"1714 E Colorado Ave, Urbana, IL 61802",1150,2bd,apartments.com,40.095013050000006,-88.1870994
96,"1714 E Colorado Ave, Urbana, IL 61802",1215,2bd,apartments.com,40.095013050000006,-88.1870994
97,"1714 E Colorado Ave, Urbana, IL 61802",1375,3bd,apartments.com,40.095013050000006,-88.1870994
98,"314 S State St, Champaign, IL 61820",1375,1bd,apartments.com,40.11402970929918,-88.24669294864343
99,"314 S State St, Champaign, IL 61820",1325,1bd,apartments.com,40.11402970929918,-88.24669294864343
100,"314 S State St, Champaign, IL 61820",1695,2bd,apartments.com,40.11402970929918,-88.24669294864343
101,"405 E Stoughton St, Champaign, IL 61820",1315,Studio,apartments.com,40.113195250000004,-88.23280157498988
102,"405 E Stoughton St, Champaign, IL 61820",1485,1bd,apartments.com,40.113195250000004,-88.23280157498988
103,"405 E Stoughton St, Champaign, IL 61820",1175,2bd,apartments.com,40.113195250000004,-88.23280157498988
104,"405 E Stoughton St, Champaign, IL 61820",960,3bd,apartments.com,40.113195250000004,-88.23280157498988
105,"1009 S 2nd St, Champaign, IL 61820",755,2bd,apartments.com,40.106348122448985,-88.23711610204082
106,"1009 S 2nd St, Champaign, IL 61820",645,4bd,apartments.com,40.106348122448985,-88.23711610204082
107,"1009 S 2nd St, Champaign, IL 61820",1150,4bd,apartments.com,40.106348122448985,-88.23711610204082
108,"203 S 3rd St, Champaign, IL 61820",550,1bd,apartments.com,40.31658071428571,-88.34976187755102
109,"203 S 3rd St, Champaign, IL 61820",525,3bd,apartments.com,40.31658071428571,-88.34976187755102
110,"203 S 3rd St, Champaign, IL 61820",500,4bd,apartments.com,40.31658071428571,-88.34976187755102
111,"1010 W University Ave, Urbana, IL 61801",1099,4bd,apartments.com,40.11649808163265,-88.2210256122449
112,"1010 W University Ave, Urbana, IL 61801",1109,4bd,apartments.com,40.11649808163265,-88.2210256122449
113,"707 W Springfield Ave, Urbana, IL 61801",1360,1bd,apartments.com,40.1125953,-88.2169613
114,"707 W Springfield Ave, Urbana, IL 61801",1675,2bd,apartments.com,40.1125953,-88.2169613
115,"707 W Springfield Ave, Urbana, IL 61801",1695,2bd,apartments.com,40.1125953,-88.2169613
116,"1601 E Florida Ave, Urbana, IL 61802",629,2bd,apartments.com,40.098191,-88.188683
117,"1601 E Florida Ave, Urbana, IL 61802",525,3bd,apartments.com,40.098191,-88.188683
118,"908 N Broadway Ave, Urbana, IL 61801",775,1bd,apartments.com,40.12018438157885,-88.2077092012483
119,"908 N Broadway Ave, Urbana, IL 61801",895,2bd,apartments.com,40.12018438157885,-88.2077092012483
120,"907 E Harding Dr, Urbana, IL 61801",550,2bd,apartments.com,40.0938328,-88.1934196
121,"1557 S Hunter St, Urbana, IL 61802",700,1bd,apartments.com,40.10383,-88.185632
122,"1557 S Hunter St, Urbana, IL 61802",900,2bd,apartments.com,40.10383,-88.185632
123,"1557 S Hunter St, Urbana, IL 61802",1000,3bd,apartments.com,40.10383,-88.185632
124,"502 W Main St, Urbana, IL 61801",760,Studio,apartments.com,40.1141289,-88.21293712626144
125,"502 W Main St, Urbana, IL 61801",855,1bd,apartments.com,40.1141289,-88.21293712626144
126,"502 W Main St, Urbana, IL 61801",920,2bd,apartments.com,40.1141289,-88.21293712626144
127,"502 W Main St, Urbana, IL 61801",1040,3bd,apartments.com,40.1141289,-88.21293712626144
128,"2502 Prairie Green Dr, Urbana, IL 61802",775,1bd,apartments.com,40.1054801,-88.17380514987332
129,"2502 Prairie Green Dr, Urbana, IL 61802",875,2bd,apartments.com,40.1054801,-88.17380514987332
130,"2502 Prairie Green Dr, Urbana, IL 61802",1050,3bd,apartments.com,40.1054801,-88.17380514987332
131,"305 W Clark St, Champaign, IL 61820",1395,1bd,apartments.com,40.1150709,-88.247602
132,"305 W Clark St, Champaign, IL 61820",1670,2bd,apartments.com,40.1150709,-88.247602
133,"409 E Chalmers St, Champaign, IL 61820",9000,2bd,apartments.com,40.1064312,-88.23236031069004
134,"409 E Chalmers St, Champaign, IL 61820",21500,2bd,apartments.com,40.1064312,-88.23236031069004
135,"409 E Chalmers St, Champaign, IL 61820",9750,2bd,apartments.com,40.1064312,-88.23236031069004
136,"409 E Chalmers St, Champaign, IL 61820",15500,3bd,apartments.com,40.1064312,-88.23236031069004
137,"409 E Chalmers St, Champaign, IL 61820",15500,4bd,apartments.com,40.1064312,-88.23236031069004
138,"310 E Springfield Ave, Champaign, IL 61820",1519,Studio,apartments.com,40.1131053,-88.23515145361105
139,"310 E Springfield Ave, Champaign, IL 61820",1375,1bd,apartments.com,40.1131053,-88.23515145361105
140,"310 E Springfield Ave, Champaign, IL 61820",1485,1bd,apartments.com,40.1131053,-88.23515145361105
141,"310 E Springfield Ave, Champaign, IL 61820",1610,1bd,apartments.com,40.1131053,-88.23515145361105
142,"310 E Springfield Ave, Champaign, IL 61820",1665,1bd,apartments.com,40.1131053,-88.23515145361105
143,"310 E Springfield Ave, Champaign, IL 61820",1670,1bd,apartments.com,40.1131053,-88.23515145361105
144,"310 E Springfield Ave, Champaign, IL 61820",1675,1bd,apartments.com,40.1131053,-88.23515145361105
145,"310 E Springfield Ave, Champaign, IL 61820",1690,1bd,apartments.com,40.1131053,-88.23515145361105
146,"310 E Springfield Ave, Champaign, IL 61820",1730,1bd,apartments.com,40.1131053,-88.23515145361105
147,"310 E Springfield Ave, Champaign, IL 61820",999,2bd,apartments.com,40.1131053,-88.23515145361105
148,"310 E Springfield Ave, Champaign, IL 61820",1024,2bd,apartments.com,40.1131053,-88.23515145361105
149,"310 E Springfield Ave, Champaign, IL 61820",1034,2bd,apartments.com,40.1131053,-88.23515145361105
150,"310 E Springfield Ave, Champaign, IL 61820",910,3bd,apartments.com,40.1131053,-88.23515145361105
151,"708 S 6th St, Champaign, IL 61820",1650,Studio,apartments.com,40.1118866,-88.0369831
152,"708 S 6th St, Champaign, IL 61820",1820,Studio,apartments.com,40.1118866,-88.0369831
153,"708 S 6th St, Champaign, IL 61820",1950,Studio,apartments.com,40.1118866,-88.0369831
154,"708 S 6th St, Champaign, IL 61820",1600,2bd,apartments.com,40.1118866,-88.0369831
155,"708 S 6th St, Champaign, IL 61820",1025,4bd,apartments.com,40.1118866,-88.0369831
156,"708 S 6th St, Champaign, IL 61820",1175,4bd,apartments.com,40.1118866,-88.0369831
157,"708 S 6th St, Champaign, IL 61820",1120,4bd,apartments.com,40.1118866,-88.0369831
158,"708 S 6th St, Champaign, IL 61820",1165,4bd,apartments.com,40.1118866,-88.0369831
159,"708 S 6th St, Champaign, IL 61820",1195,4bd,apartments.com,40.1118866,-88.0369831
160,"301 W University Ave, Champaign, IL 61820",1375,1bd,apartments.com,40.116167,-88.246968
161,"608 E University Ave, Champaign, IL 61820",1425,1bd,apartments.com,40.1164485,-88.2295393
162,"608 E University Ave, Champaign, IL 61820",1530,1bd,apartments.com,40.1164485,-88.2295393
163,"608 E University Ave, Champaign, IL 61820",1899,1bd,apartments.com,40.1164485,-88.2295393
164,"608 E University Ave, Champaign, IL 61820",899,2bd,apartments.com,40.1164485,-88.2295393
165,"608 E University Ave, Champaign, IL 61820",815,4bd,apartments.com,40.1164485,-88.2295393
166,"705 S 1st St, Champaign, IL 61820",633,3bd,apartments.com,40.310626395089656,-88.34680719460762
167,"705 S 1st St, Champaign, IL 61820",496,4bd,apartments.com,40.310626395089656,-88.34680719460762
168,"217 S Neil St, Champaign, IL 61820",1670,2bd,apartments.com,40.11426824418605,-88.243385
169,"217 S Neil St, Champaign, IL 61820",1720,2bd,apartments.com,40.11426824418605,-88.243385
170,"217 S Neil St, Champaign, IL 61820",1770,2bd,apartments.com,40.11426824418605,-88.243385
171,"217 S Neil St, Champaign, IL 61820",1999,2bd,apartments.com,40.11426824418605,-88.243385
172,"715 S Randolph St, Champaign, IL 61820",800,2bd,apartments.com,40.10764305,-88.24566044185592
173,"715 S Randolph St, Champaign, IL 61820",850,3bd,apartments.com,40.10764305,-88.24566044185592
174,"303 W Green St, Champaign, IL 61820",925,1bd,apartments.com,40.1095081,-88.2472886
175,"303 W Green St, Champaign, IL 61820",600,2bd,apartments.com,40.1095081,-88.2472886
176,"303 W Green St, Champaign, IL 61820",450,3bd,apartments.com,40.1095081,-88.2472886
177,"404 Edgebrook Dr, Champaign, IL 61820",615,Studio,apartments.com,40.13146520502175,-88.24850222689274
178,"404 Edgebrook Dr, Champaign, IL 61820",760,1bd,apartments.com,40.13146520502175,-88.24850222689274
179,"404 Edgebrook Dr, Champaign, IL 61820",830,2bd,apartments.com,40.13146520502175,-88.24850222689274
180,"808 N Lincoln Ave, Urbana, IL 61801",995,2bd,apartments.com,40.1193392244898,-88.21931757142858
181,"813 W Main St, Urbana, IL 61801",995,2bd,apartments.com,40.11428712209252,-88.21779520040691
182,"211 N Central Ave, Urbana, IL 61801",835,1bd,apartments.com,40.11375842857143,-88.2115669387755
183,"208 N Harvey St, Urbana, IL 61801",1295,2bd,apartments.com,40.114215650000006,-88.22207415
184,"208 N Harvey St, Urbana, IL 61801",1695,3bd,apartments.com,40.114215650000006,-88.22207415
185,"1003 W Stoughton St, Urbana, IL 61801",1050,1bd,apartments.com,40.11336285,-88.22111634999999
186,"1003 W Stoughton St, Urbana, IL 61801",1050,2bd,apartments.com,40.11336285,-88.22111634999999
187,"302 W Locust St, Urbana, IL 61801",685,1bd,apartments.com,40.113620551020404,-88.21050532653061
188,"1303 Silver St, Urbana, IL 61801",840,1bd,apartments.com,40.09139810204081,-88.1928676122449
189,"1303 Silver St, Urbana, IL 61801",975,2bd,apartments.com,40.09139810204081,-88.1928676122449
190,"705 W Elm St, Urbana, IL 61801",675,Studio,apartments.com,40.111381017317534,-88.21627926419006
191,"705 W Elm St, Urbana, IL 61801",925,2bd,apartments.com,40.111381017317534,-88.21627926419006
192,"705 W Elm St, Urbana, IL 61801",415,3bd,apartments.com,40.111381017317534,-88.21627926419006
193,"705 W Elm St, Urbana, IL 61801",1595,4bd,apartments.com,40.111381017317534,-88.21627926419006
194,"202 N Race St, Urbana, IL 61801",840,Studio,apartments.com,40.1135446,-88.2087962
195,"202 N Race St, Urbana, IL 61801",950,1bd,apartments.com,40.1135446,-88.2087962
196,"202 N Race St, Urbana, IL 61801",960,1bd,apartments.com,40.1135446,-88.2087962
197,"202 N Race St, Urbana, IL 61801",1030,2bd,apartments.com,40.1135446,-88.2087962
198,"202 N Race St, Urbana, IL 61801",1075,2bd,apartments.com,40.1135446,-88.2087962
199,"202 N Race St, Urbana, IL 61801",1105,2bd,apartments.com,40.1135446,-88.2087962
200,"202 N Race St, Urbana, IL 61801",1115,2bd,apartments.com,40.1135446,-88.2087962
201,"202 N Race St, Urbana, IL 61801",1130,2bd,apartments.com,40.1135446,-88.2087962
202,"202 N Race St, Urbana, IL 61801",1199,2bd,apartments.com,40.1135446,-88.2087962
203,"300 E Fairlawn Dr, Urbana, IL 61801",960,1bd,apartments.com,40.103837,-88.204825
204,"300 E Fairlawn Dr, Urbana, IL 61801",1024,1bd,apartments.com,40.103837,-88.204825
205,"300 E Fairlawn Dr, Urbana, IL 61801",1620,2bd,apartments.com,40.103837,-88.204825
206,"300 E Fairlawn Dr, Urbana, IL 61801",515,2bd,apartments.com,40.103837,-88.204825
207,"300 E Fairlawn Dr, Urbana, IL 61801",605,2bd,apartments.com,40.103837,-88.204825
208,"300 E Fairlawn Dr, Urbana, IL 61801",530,2bd,apartments.com,40.103837,-88.204825
209,"300 E Fairlawn Dr, Urbana, IL 61801",550,2bd,apartments.com,40.103837,-88.204825
210,"57 E Springfield Ave, Champaign, IL 61820",575,6bd,apartments.com,40.11254385714286,-88.23933957142857
211,"1407 S State St, Champaign, IL 61820",940,1bd,apartments.com,40.09974271428572,-88.2467724489796
212,"1407 S State St, Champaign, IL 61820",1045,2bd,apartments.com,40.09974271428572,-88.2467724489796
213,"520 N Neil St, Champaign, IL 61820",1550,1bd,apartments.com,40.12076925,-88.24329427507661
214,"520 N Neil St, Champaign, IL 61820",1620,2bd,apartments.com,40.12076925,-88.24329427507661
215,"520 N Neil St, Champaign, IL 61820",1720,2bd,apartments.com,40.12076925,-88.24329427507661
216,"513 N Hickory St, Champaign, IL 61820",1359,2bd,apartments.com,40.120154434831846,-88.2425872383271
217,"513 N Hickory St, Champaign, IL 61820",1359,2bd,apartments.com,40.120154434831846,-88.2425872383271
218,"513 N Hickory St, Champaign, IL 61820",1376,2bd,apartments.com,40.120154434831846,-88.2425872383271
219,"207 N Neil St, Champaign, IL 61820",2000,1bd,apartments.com,40.117612903269695,-88.24364108468154
220,"207 N Neil St, Champaign, IL 61820",3200,2bd,apartments.com,40.117612903269695,-88.24364108468154
221,"512 E Stoughton St, Champaign, IL 61820",1375,2bd,apartments.com,40.113562407088246,-88.2317637777631
222,"309 Birch St, Champaign, IL 61820",966,1bd,apartments.com,40.09982602928755,-88.24768825064106
223,"309 Birch St, Champaign, IL 61820",987,1bd,apartments.com,40.09982602928755,-88.24768825064106
224,"202 E Green St, Champaign, IL 61820",1225,2bd,apartments.com,40.1103614,-88.2368797
225,"1107 S 2nd St, Champaign, IL 61820",3100,4bd,apartments.com,40.10520289795918,-88.23771120408163
226,"1107 S 2nd St, Champaign, IL 61820",3300,4bd,apartments.com,40.10520289795918,-88.23771120408163
227,"214 E Clark St, Champaign, IL 61820",1295,1bd,apartments.com,40.11544871428571,-88.23647214285714
228,"202 E John St, Champaign, IL 61820",750,1bd,apartments.com,40.10910620408163,-88.23683981632654
229,"202 E John St, Champaign, IL 61820",950,2bd,apartments.com,40.10910620408163,-88.23683981632654
230,"202 E John St, Champaign, IL 61820",1100,2bd,apartments.com,40.10910620408163,-88.23683981632654
231,"202 E John St, Champaign, IL 61820",1350,3bd,apartments.com,40.10910620408163,-88.23683981632654
232,"202 E John St, Champaign, IL 61820",1575,3bd,apartments.com,40.10910620408163,-88.23683981632654
233,"202 E John St, Champaign, IL 61820",3000,6bd,apartments.com,40.10910620408163,-88.23683981632654
234,"17 E University Ave, Champaign, IL 61820",1015,Studio,apartments.com,40.1160402,-88.24259093332796
235,"17 E University Ave, Champaign, IL 61820",1010,Studio,apartments.com,40.1160402,-88.24259093332796
236,"17 E University Ave, Champaign, IL 61820",970,Studio,apartments.com,40.1160402,-88.24259093332796
237,"17 E University Ave, Champaign, IL 61820",1100,1bd,apartments.com,40.1160402,-88.24259093332796
238,"17 E University Ave, Champaign, IL 61820",1360,2bd,apartments.com,40.1160402,-88.24259093332796
239,"711 S Lynn St, Urbana, IL 61801",1150,2bd,apartments.com,40.10750723232323,-88.19801924242424
240,"711 S Lynn St, Urbana, IL 61801",1195,2bd,apartments.com,40.10750723232323,-88.19801924242424
241,"104 S Grove St, Urbana, IL 61802",780,1bd,apartments.com,40.11272906122449,-88.20132573469388
242,"104 S Grove St, Urbana, IL 61802",840,1bd,apartments.com,40.11272906122449,-88.20132573469388
243,"610 W Elm St, Urbana, IL 61801",645,Studio,apartments.com,40.111559407229315,-88.2148392160135
244,"610 W Elm St, Urbana, IL 61801",750,2bd,apartments.com,40.111559407229315,-88.2148392160135
245,"Parkside Apartments, Urbana, IL 61801",899-949,2bd,Trulia,40.097371499999994,-88.19338670046842
246,"705 W  Nevada St, Urbana, IL 61801",835,1bd,Trulia,40.106685999999996,-88.2179185
247,"3017 Rutherford Dr, Urbana, IL 61802",2500,2bd,Trulia,40.1151334392785,-88.16350836537958
248,"204 N  Lincoln Ave, Urbana, IL 61801",1675,4bd,Trulia,40.11370722750394,-88.21924285948316
249,"804 N  Lincoln Ave, Urbana, IL 61801",1395,3bd,Trulia,40.1193126122449,-88.21931728571428
250,"101 W Park St, Urbana, IL 61801",835,2bd,Trulia,40.117167,-88.207736
251,"206 S Grove St, Urbana, IL 61802",895,2bd,Trulia,40.111177749999996,-88.20107279999999
252,"315 N  Orchard St, Urbana, IL 61801",800,1bd,Trulia,40.11515526666666,-88.21461515555555
253,"1202 E  Main St, Urbana, IL 61802",700,1bd,Trulia,40.11303059574468,-88.19401293617021
254,"711 S  Cottage Grove Ave, Urbana, IL 61802",1250,2bd,Trulia,40.106711000000004,-88.1959755
255,"1310 S  Cottage Grove Ave, Urbana, IL 61801",1350,3bd,Trulia,40.10147331111111,-88.19549977777777
256,"1410 Briarcliff Dr, Urbana, IL 61801",1195,3bd,Trulia,40.1001744101464,-88.19196245965568
257,"211 N Central Ave, Urbana, IL 61801",835,1bd,Trulia,40.11375842857143,-88.2115669387755
258,"805 Scovill St, Urbana, IL 61801",1700,3bd,Trulia,40.08534597986577,-88.1983807114094
259,"113 W  McHenry St, Urbana, IL 61801",620,Studio,Trulia,40.08685473333333,-88.20847248888889
260,"710 N  Lincoln Ave, Urbana, IL 61801",1195,2bd,Trulia,40.118443469387756,-88.21928904081632
261,"809 E  Park St, Urbana, IL 61802",1295,4bd,Trulia,40.11712081632653,-88.1986845510204
262,"707 W Springfield Ave, Urbana, IL 61801",1360-1675,1-2bd,Trulia,40.1125953,-88.2169613
263,"2013 E  Michigan Ave, Urbana, IL 61802",1500,3bd,Trulia,40.101662174240566,-88.18283361622831
264,"908 W  Stoughton St, Urbana, IL 61801",1590,2bd,Trulia,40.1137729,-88.2201721
265,"1003 W  Stoughton St, Urbana, IL 61801",1050,2bd,Trulia,40.11336285,-88.22111634999999
266,"206 W  Florida Ave, Urbana, IL 61801",3000,4bd,Trulia,40.0984745,-88.21022754701747
267,"804 Springfield Ave, Urbana, IL 61801",3000,8bd,Trulia,40.112887152909636,-88.21796642860745
268,"1306 Silver St, Urbana, IL 61801",725,2bd,Trulia,40.091706,-88.192159
269,"605 W  High St, Urbana, IL 61801",2330,5bd,Trulia,40.10972881778397,-88.21474728724817
270,"809 S  Busey Ave, Urbana, IL 61801",4000,9bd,Trulia,40.10630028598254,-88.21777332101156
271,"1008 S  Busey Ave, Urbana, IL 61801",550,Studio,Trulia,40.10443528571429,-88.2175409387755
272,"302 W  Locust St, Urbana, IL 61801",685,1bd,Trulia,40.113620551020404,-88.21050532653061
273,"1004 Springfield Ave, Urbana, IL 61801",750,1bd,Trulia,40.112870632653056,-88.22088597959184
274,"901 Springfield Ave, Urbana, IL 61801",925,2bd,Trulia,40.112723,-88.219494
275,"1007 W  Main St, Urbana, IL 61801",1320,1bd,Trulia,40.1142098,-88.22164182438983
276,"307 W  Elm St, Urbana, IL 61801",710,1bd,Trulia,40.111308,-88.21123349526087
277,"210 N  Central Ave, Urbana, IL 61801",940,1bd,Trulia,40.11376142857143,-88.21135193877551
278,"401 W  Elm St, Urbana, IL 61801",4200,9bd,Trulia,40.111340999999996,-88.211978
279,"709 W  Nevada St, Urbana, IL 61801",1200,2bd,Trulia,40.106412020408165,-88.21625151020407
280,"1004 W  Main St, Urbana, IL 61801",1590,2bd,Trulia,40.1146874,-88.2209608
281,"702 West Green Street , Urbana, IL 61801",1395-1495,3bd,Trulia,40.110856999999996,-88.21629999999999
282,"202 S Lincoln Ave, Urbana, IL 61801",850-950,1-2bd,Trulia,40.111259950000004,-88.21904437367212
283,"208 N Harvey St, Urbana, IL 61801",1295-1675,2-3bd,Trulia,40.114215650000006,-88.22207415
284,"806 W  Stoughton St, Urbana, IL 61801",695,1bd,Trulia,40.113640000000004,-88.2183842
285,"610 West Elm Street, Urbana, IL 61801",895-1395,1-3bd,Trulia,40.111559407229315,-88.2148392160135
286,"905 W Springfield Ave, Urbana, IL 61801",1295-1675,2-3bd,Trulia,40.112521599999994,-88.21994457515625
287,"707 West Elm Street, Urbana, IL 61801",1050-1395,3-4bd,Trulia,40.1113805259763,-88.2163068962851
288,"401 S  Busey Ave, Urbana, IL 61801",1695,3bd,Trulia,40.10943605613736,-88.21782443584287
289,"410 W Green St, Urbana, IL 61801",775-895,Studio-1bd,Trulia,40.110825000000006,-88.21277599999999
290,"115 W  Washington St, Urbana, IL 61801",795,1bd,Trulia,40.10549083282672,-88.20902311702322
291,"612 W  Elm St, Urbana, IL 61801",1795,4bd,Trulia,40.11155921615592,-88.21486346110412
292,"606 W  Elm St, Urbana, IL 61801",1295,4bd,Trulia,40.1115597893761,-88.2147907258323
293,"813 W  Main St, Urbana, IL 61801",995,2bd,Trulia,40.11428712209252,-88.21779520040691
294,"705 W  Elm St, Urbana, IL 61801",950,2bd,Trulia,40.111381017317534,-88.21627926419006
295,"404 S  Urbana Ave, Urbana, IL 61801",815,2bd,Trulia,40.109843469387755,-88.20360551020407
296,"503 W  Green St, Urbana, IL 61801",795,Studio,Trulia,40.11043,-88.21356740106953
297,"808 N  Lincoln Ave, Urbana, IL 61801",995,2bd,Trulia,40.1193392244898,-88.21931757142858
298,"1905 N  Lincoln Ave, Urbana, IL 61801",1725,3bd,Trulia,40.130830148856916,-88.21964614255974
299,"404 E  Green St, Urbana, IL 61802",895,2bd,Trulia,40.11088644897959,-88.20354120408163
300,"709 W  Illinois St, Urbana, IL 61801",2400,4bd,Trulia,40.109027479913344,-88.21630110451572
301,"104 S  Grove St, Urbana, IL 61802",890,1bd,Trulia,40.11272906122449,-88.20132573469388
302,"1003 W  Clark St, Urbana, IL 61801",930,1bd,Trulia,40.11525585,-88.22116987379101
303,"701 W  Indiana Ave, Urbana, IL 61801",1100,2bd,Trulia,40.1027291155518,-88.21602012596576
304,"2610 E  Illinois St, Urbana, IL 61802",1400,3bd,Trulia,40.108506889797944,-88.17122365268608
305,"104 S  Grove St, Urbana, IL 61802",760,1bd,Trulia,40.11272906122449,-88.20132573469388
306,"2309 Rainbow Vw, Urbana, IL 61802",1700,3bd,Trulia,40.10373576860911,-88.17825594921158
307,"205 W  Park St, Urbana, IL 61801",2500,4bd,Trulia,40.117349918367346,-88.209254
308,"211 W  Illinois St, Urbana, IL 61801",760,1bd,Trulia,40.1091195136946,-88.20913601122628
309,"1903 E  Florida Ave, Urbana, IL 61802",1450,3bd,Trulia,40.098717,-88.183655
310,"402 S  Grove St, Urbana, IL 61801",1200,2bd,Trulia,40.109888653061226,-88.20124169387755
311,"2405 Whitson Cir, Urbana, IL 61801",1450,3bd,Trulia,40.08641267982914,-88.19238597478933
312,"711 S  Lynn St, Urbana, IL 61801",1250,2bd,Trulia,40.10750723232323,-88.19801924242424
313,"606 S  Broadway Ave, Urbana, IL 61801",2100,6bd,Trulia,40.10825360231243,-88.20720653001335
314,"2643 Muirfield Pl, Urbana, IL 61802",5000,3bd,Trulia,40.08521620493386,-88.17204486734542
315,"704 W  Western Ave, Urbana, IL 61801",1175,2bd,Trulia,40.112228,-88.21775
316,"707 E  Green St, Urbana, IL 61802",2000,6bd,Trulia,40.110782,-88.199317
317,"214 W  Vermont Ave, Urbana, IL 61801",1850,3bd,Trulia,40.099960656565656,-88.20994482828283
318,"606 E  Elm St, Urbana, IL 61802",815,1bd,Trulia,40.112021999999996,-88.20075
319,"601 W  Nevada St, Urbana, IL 61801",2100,3bd,Trulia,40.106425898989905,-88.21456379797979
320,"104 S  Grove St, Urbana, IL 61802",975,1bd,Trulia,40.11272906122449,-88.20132573469388
321,"104 S  Grove St, Urbana, IL 61802",760,1bd,Trulia,40.11272906122449,-88.20132573469388
322,"104 S  Grove St, Urbana, IL 61802",890,1bd,Trulia,40.11272906122449,-88.20132573469388
323,"104 S  Grove St, Urbana, IL 61802",925,1bd,Trulia,40.11272906122449,-88.20132573469388
324,"601 E  High St, Urbana, IL 61801",1200,2bd,Trulia,40.109937,-88.201192
325,"802 E  Michigan Ave, Urbana, IL 61801",1100,2bd,Trulia,40.1016785688794,-88.19891574259103
326,"705 W  Stoughton St, Urbana, IL 61801",1490,2bd,Trulia,40.11308376980759,-88.2162464562762
327,"907 W  Stoughton St, Urbana, IL 61801",1490,2bd,Trulia,40.113353599999996,-88.22010370000001
328,"504 E  Dodson Dr, Urbana, IL 61802",2250,3bd,Trulia,40.11745461126872,-88.17255767879435
329,"609 W  Main St, Urbana, IL 61801",1490,2bd,Trulia,40.113876816326524,-88.21495630612245
330,"1007 W  Clark St, Urbana, IL 61801",850,1bd,Trulia,40.1151723,-88.22161059628647
331,"1007 W  Clark St, Urbana, IL 61801",1090,2bd,Trulia,40.1151723,-88.22161059628647
332,"309 N  Busey Ave, Urbana, IL 61801",1490,2bd,Trulia,40.11514293303783,-88.21750332980398
333,"411 W  California Ave, Urbana, IL 61801",1490,3bd,Trulia,40.10825383964135,-88.21199864727248
334,"3201 Fawn Hill Ct, Urbana, IL 61802",2800,3bd,Trulia,40.077766,-88.189832
335,"908 N  Broadway Ave, Urbana, IL 61801",895,2bd,Trulia,40.12018438157885,-88.2077092012483
336,"904 N  Broadway Ave, Urbana, IL 61801",895,2bd,Trulia,40.120171475274624,-88.20770863866582
337,"904 N  Broadway Ave, Urbana, IL 61801",895,2bd,Trulia,40.120171475274624,-88.20770863866582
338,"904 N  Broadway Ave, Urbana, IL 61801",895,2bd,Trulia,40.120171475274624,-88.20770863866582
339,"908 N  Broadway Ave, Urbana, IL 61801",775,1bd,Trulia,40.12018438157885,-88.2077092012483
340,"908 N  Broadway Ave, Urbana, IL 61801",895,2bd,Trulia,40.12018438157885,-88.2077092012483
341,"908 N  Broadway Ave, Urbana, IL 61801",895,2bd,Trulia,40.12018438157885,-88.2077092012483
342,"904 N  Broadway Ave, Urbana, IL 61801",895,2bd,Trulia,40.120171475274624,-88.20770863866582
343,"2017 Philo Rd, Urbana, IL 61802",840,1bd,Trulia,40.0912685,-88.191057
344,"809 E  High St, Urbana, IL 61801",735,1bd,Trulia,40.109968463669674,-88.19888003449825
345,"1404 N  Broadway Ave, Urbana, IL 61801",1095,2bd,Trulia,40.12596543199234,-88.20759977254406
346,"105 N  Coler Ave, Urbana, IL 61801",1800,3bd,Trulia,40.112911744190434,-88.21616802325491
347,"908 N  Broadway Ave, Urbana, IL 61801",895,2bd,Trulia,40.12018438157885,-88.2077092012483
348,"908 N  Broadway Ave, Urbana, IL 61801",895,2bd,Trulia,40.12018438157885,-88.2077092012483
349,"908 N  Broadway Ave, Urbana, IL 61801",895,2bd,Trulia,40.12018438157885,-88.2077092012483
350,"908 N  Broadway Ave, Urbana, IL 61801",895,2bd,Trulia,40.12018438157885,-88.2077092012483
351,"904 N  Broadway Ave, Urbana, IL 61801",895,2bd,Trulia,40.120171475274624,-88.20770863866582
352,"908 N  Broadway Ave, Urbana, IL 61801",895,2bd,Trulia,40.12018438157885,-88.2077092012483
353,"908 N  Broadway Ave, Urbana, IL 61801",895,2bd,Trulia,40.12018438157885,-88.2077092012483
354,"908 N  Broadway Ave, Urbana, IL 61801",895,2bd,Trulia,40.12018438157885,-88.2077092012483
355,"904 N  Broadway Ave, Urbana, IL 61801",895,2bd,Trulia,40.120171475274624,-88.20770863866582
356,"908 N  Broadway Ave, Urbana, IL 61801",895,2bd,Trulia,40.12018438157885,-88.2077092012483
357,"908 N  Broadway Ave, Urbana, IL 61801",895,2bd,Trulia,40.12018438157885,-88.2077092012483
358,"904 N  Broadway Ave, Urbana, IL 61801",895,2bd,Trulia,40.120171475274624,-88.20770863866582
359,"908 N  Broadway Ave, Urbana, IL 61801",895,2bd,Trulia,40.12018438157885,-88.2077092012483
360,"403 E  Elm St, Urbana, IL 61802",675,1bd,Trulia,40.111478,-88.2033075
361,"904 N  Broadway Ave, Urbana, IL 61801",895,2bd,Trulia,40.120171475274624,-88.20770863866582
362,"904 N  Broadway Ave, Urbana, IL 61801",775,1bd,Trulia,40.120171475274624,-88.20770863866582
363,"908 N  Broadway Ave, Urbana, IL 61801",895,2bd,Trulia,40.12018438157885,-88.2077092012483
364,"908 N  Broadway Ave, Urbana, IL 61801",895,2bd,Trulia,40.12018438157885,-88.2077092012483
365,"908 N  Broadway Ave, Urbana, IL 61801",895,2bd,Trulia,40.12018438157885,-88.2077092012483
366,"1702 Golfview Dr, Urbana, IL 61801",1800,3bd,Trulia,40.12851066691321,-88.20209319937601
367,"904 N  Broadway Ave, Urbana, IL 61801",895,2bd,Trulia,40.120171475274624,-88.20770863866582
368,"908 N  Broadway Ave, Urbana, IL 61801",895,2bd,Trulia,40.12018438157885,-88.2077092012483
369,"301 W  Illinois St, Urbana, IL 61801",1430,3bd,Trulia,40.109101,-88.210474
370,"908 N  Broadway Ave, Urbana, IL 61801",775,1bd,Trulia,40.12018438157885,-88.2077092012483
371,"2120 S  Vine St, Urbana, IL 61801",3350,5bd,Trulia,40.090559884467396,-88.20467962137606
372,"908 N  Broadway Ave, Urbana, IL 61801",895,2bd,Trulia,40.12018438157885,-88.2077092012483
373,"310 W  Iowa St, Urbana, IL 61801",2830,4bd,Trulia,40.10474528571429,-88.21113885714286
374,"704 W Elm St, Urbana, IL 61801",1150,2bd,Trulia,40.11154511127022,-88.21628410124646
375,"702 W Elm St, Urbana, IL 61801",1150,2bd,Trulia,40.111545555635104,-88.21625655062323
376,"704 W  Elm St, Urbana, IL 61801",1150,2bd,Trulia,40.11154511127022,-88.21628410124646
377,"309 S  Coler Ave, Urbana, IL 61801",1575,4bd,Trulia,40.110456489795915,-88.21615383673469
378,"1907 E  Florida Ave, Urbana, IL 61802",1400,3bd,Trulia,40.098723,-88.183295
379,"1208 Ogelthorpe Ave, Urbana, IL 61802",1500,3bd,Trulia,40.10339565,-88.17472190000001
380,"711 W Elm St, Urbana, IL 61801",1525-1650,3-4bd,Trulia,40.111379543293836,-88.21636216047517
381,"102 N  Gregory St, Urbana, IL 61801",752,2bd,Trulia,40.112294399999996,-88.22019030000001
382,"908 N  Broadway Ave, Urbana, IL 61801",895,2bd,Trulia,40.12018438157885,-88.2077092012483
383,"607 S  Cottage Grove Ave, Urbana, IL 61802",1190,3bd,Trulia,40.108391775510206,-88.1958383877551
384,"903 N Lincoln Avenue, Urbana, IL 61801",1950,4bd,Trulia,40.12022552760577,-88.21954380072899
385,"413 W  Main St, Urbana, IL 61801",995,2bd,Trulia,40.113267,-88.21253225000001
386,"111 W Park St, Urbana, IL 61801",605-749,Studio-2bd,Trulia,40.117197132522776,-88.207854391654
387,"710 S  Race St, Urbana, IL 61801",710,1bd,Trulia,40.10681666666667,-88.208704
388,"1910 E  Country Squire Dr, Urbana, IL 61802",1635,4bd,Trulia,40.104994,-88.185658
389,"209 W Griggs St, Urbana, IL 61801",950-1250,1-2bd,Trulia,40.11430706122449,-88.20988340816326
390,"1504 Lincolnwood Dr, Urbana, IL 61802",1300,3bd,Trulia,40.100401278391075,-88.18547484410517
391,"1301 E  Harding Dr, Urbana, IL 61801",615,1bd,Trulia,40.093754869215154,-88.19283981433439
392,"1117 E  Willard St, Urbana, IL 61801",1150,2bd,Trulia,40.0843445,-88.2051467
393,"502 W  Elm St, Urbana, IL 61801",645,Studio,Trulia,40.11186625,-88.21355288900611
394,"803 E  Harding Dr, Urbana, IL 61801",1050,2bd,Trulia,40.0938328,-88.1934196
395,"807 W Oregon St, Urbana, IL 61801",1295,2bd,Trulia,40.10735314285714,-88.21792748979591
396,"1605 Adams St, Urbana, IL 61802",1600,3bd,Trulia,40.09896757924378,-88.18891816970326
397,"712 W  Green St, Urbana, IL 61801",1225,2bd,Trulia,40.1108435,-88.217326
398,"811 W  Oregon St, Urbana, IL 61801",1450,4bd,Trulia,40.10735257142857,-88.21797781632652
399,"106 S Coler Ave, Urbana, IL 61801",1500,3bd,Trulia,40.111858363530644,-88.21595479412682
400,"712 W  Illinois St, Urbana, IL 61801",950,2bd,Trulia,40.109191140382386,-88.21636053908834
401,"805 W  California Ave, Urbana, IL 61801",1350,2bd,Trulia,40.10817452544598,-88.21791155613782
402,"909 Crestwood Dr, Urbana, IL 61801",1155,3bd,Trulia,40.10342463461642,-88.19767145568963
403,"611 W  California Ave, Urbana, IL 61801",2800,4bd,Trulia,40.108086,-88.2157935
404,"808 W Illinois St, Urbana, IL 61801",1295-1600,2-3bd,Trulia,40.10916836734694,-88.21797689795919
405,"802 W  Illinois St, Urbana, IL 61801",745,1bd,Trulia,40.10916959183673,-88.2179012244898
406,"603 S  Scottswood Dr, Urbana, IL 61802",1240,3bd,Trulia,40.110848,-88.173598
407,"1009 S  Cottage Grove Ave, Urbana, IL 61801",2200,3bd,Trulia,40.10414125210775,-88.19576572832634
408,"701 W Elm St, Urbana, IL 61801",1125-1350,2-3bd,Trulia,40.1112446,-88.216335
409,"508 W  Griggs St, Urbana, IL 61801",675,1bd,Trulia,40.114590187326826,-88.21286122618424
410,"1105 W  Main St, Urbana, IL 61801",475,2bd,Trulia,40.1142176,-88.22292885
411,"703 Macarthur Dr, Urbana, IL 61802",1611,4bd,Trulia,40.10711964176092,-88.1716058784089
412,"201 S Busey Ave, Urbana, IL 61801",815-1035,1-2bd,Trulia,40.11132,-88.217847
413,"606 W  Ohio St, Urbana, IL 61801",1300,1bd,Trulia,40.103997199999995,-88.21518014212494
414,"Westgate Apartments, Champaign, IL 61821",685-860,1-2bd,Trulia,40.12835405,-88.27422816319176
415,"404 Edgebrook Dr, Champaign, IL 61820",615,Studio,Trulia,40.13146520502175,-88.24850222689274
416,"Baytowne Apartments, Champaign, IL 61822",1010-2255,1-2bd,Trulia,40.14186155,-88.26459151269773
417,"Prospect Pointe, Savoy, IL 61874",1175-1410,1-2bd,Trulia,40.0680035,-88.2519963149408
418,"408 S  Prairie St, Champaign, IL 61820",1855,2bd,Trulia,40.11243444897959,-88.24833775510204
419,"202 E  Daniel St, Champaign, IL 61820",1050,4bd,Trulia,40.1082852,-88.23655539963613
420,"520 Neil, Champaign, IL 61820",1550-1720,1-2bd,Trulia,40.12076925,-88.24329427507661
421,"E University Ave, Champaign, IL 61820",1010-1380,Studio-2bd,Trulia,40.1163536,-88.2329352
422,"507 W  Green St, Champaign, IL 61820",805,2bd,Trulia,40.110058571428574,-88.25031018367348
423,"101 Misty Cv, Savoy, IL 61874",1980,3bd,Trulia,40.067704,-88.252678
424,"209 N  Neil St, Champaign, IL 61820",2000,1bd,Trulia,40.11762387102626,-88.24364211290872
425,"209 N  Neil St, Champaign, IL 61820",2000,1bd,Trulia,40.11762387102626,-88.24364211290872
426,"209 N  Neil St, Champaign, IL 61820",2000,1bd,Trulia,40.11762387102626,-88.24364211290872
427,"209 N  Neil St, Champaign, IL 61820",2000,1bd,Trulia,40.11762387102626,-88.24364211290872
428,"612 W  John St, Champaign, IL 61820",1500,2bd,Trulia,40.10909406808174,-88.25317218222811
429,"2103B Melrose Dr, Champaign, IL 61820",1385,2bd,Trulia,40.08199,-88.253573
430,"508 E  University Ave, Champaign, IL 61820",1609,1bd,Trulia,40.1166304,-88.23129279057903
431,"801 Hartwell Dr, Savoy, IL 61874",1350,2bd,Trulia,40.04481185,-88.2597877113827
432,"302 W  Eureka St, Champaign, IL 61820",695,1bd,Trulia,40.12556997979798,-88.2470573030303
433,"1610 W  John St, Champaign, IL 61821",1350,2bd,Trulia,40.10904832653061,-88.2730296122449
434,"507 W  Kirby Ave, Champaign, IL 61820",1620,5bd,Trulia,40.09801524489796,-88.24971936734694
435,"401 1/2 W  Vine, Champaign, IL 61820",1730,4bd,Trulia,40.1221295,-88.2440244
436,"807 Hartwell Dr, Savoy, IL 61874",1200,2bd,Trulia,40.04382665,-88.25977767485301
437,"606 N  James St, Champaign, IL 61821",1495,4bd,Trulia,40.121514408163264,-88.26486006122448
438,"229 E  Lincoln St, Saint Joseph, IL 61873",695,1bd,Trulia,40.1113889,-88.0338173
