Address,Price,Beds,Source,URL
"1901 N Lincoln Ave, Urbana, IL 61801",615,2 beds,apartments.com,https://www.apartments.com/capstone-quarters-urbana-il/wxelksh/
"1901 N Lincoln Ave, Urbana, IL 61801",565,3 beds,apartments.com,https://www.apartments.com/capstone-quarters-urbana-il/wxelksh/
"1901 N Lincoln Ave, Urbana, IL 61801",495,4 beds,apartments.com,https://www.apartments.com/capstone-quarters-urbana-il/wxelksh/
"1032 Kerr Ave E, Urbana, IL 61802",745,1 bed,apartments.com,https://www.apartments.com/town-and-country-urbana-il/g2zhk4y/
"1032 Kerr Ave E, Urbana, IL 61802",795,1 bed,apartments.com,https://www.apartments.com/town-and-country-urbana-il/g2zhk4y/
"1032 Kerr Ave E, Urbana, IL 61802",805,1 bed,apartments.com,https://www.apartments.com/town-and-country-urbana-il/g2zhk4y/
"1032 Kerr Ave E, Urbana, IL 61802",815,1 bed,apartments.com,https://www.apartments.com/town-and-country-urbana-il/g2zhk4y/
"1032 Kerr Ave E, Urbana, IL 61802",845,1 bed,apartments.com,https://www.apartments.com/town-and-country-urbana-il/g2zhk4y/
"1032 Kerr Ave E, Urbana, IL 61802",865,1 bed,apartments.com,https://www.apartments.com/town-and-country-urbana-il/g2zhk4y/
"1032 Kerr Ave E, Urbana, IL 61802",915,2 beds,apartments.com,https://www.apartments.com/town-and-country-urbana-il/g2zhk4y/
"1032 Kerr Ave E, Urbana, IL 61802",975,2 beds,apartments.com,https://www.apartments.com/town-and-country-urbana-il/g2zhk4y/
"202 E Daniel St, Champaign, IL 61820","1,659",1 bed,apartments.com,https://www.apartments.com/legacy202-luxury-student-housing-champaign-il/bct4hpc/
"202 E Daniel St, Champaign, IL 61820","1,695",1 bed,apartments.com,https://www.apartments.com/legacy202-luxury-student-housing-champaign-il/bct4hpc/
"202 E Daniel St, Champaign, IL 61820","1,269",2 beds,apartments.com,https://www.apartments.com/legacy202-luxury-student-housing-champaign-il/bct4hpc/
"202 E Daniel St, Champaign, IL 61820","1,279",2 beds,apartments.com,https://www.apartments.com/legacy202-luxury-student-housing-champaign-il/bct4hpc/
"202 E Daniel St, Champaign, IL 61820","1,289",2 beds,apartments.com,https://www.apartments.com/legacy202-luxury-student-housing-champaign-il/bct4hpc/
"202 E Daniel St, Champaign, IL 61820",899,4 beds,apartments.com,https://www.apartments.com/legacy202-luxury-student-housing-champaign-il/bct4hpc/
"202 E Daniel St, Champaign, IL 61820",959,4 beds,apartments.com,https://www.apartments.com/legacy202-luxury-student-housing-champaign-il/bct4hpc/
"202 E Daniel St, Champaign, IL 61820",999,4 beds,apartments.com,https://www.apartments.com/legacy202-luxury-student-housing-champaign-il/bct4hpc/
"519 E Green St, Champaign, IL 61820","1,250",2 beds,apartments.com,https://www.apartments.com/skyline-tower-champaign-il/910ywt6/
"519 E Green St, Champaign, IL 61820","1,400",3 beds,apartments.com,https://www.apartments.com/skyline-tower-champaign-il/910ywt6/
"51 E John St, Champaign, IL 61820",980,2 beds,apartments.com,https://www.apartments.com/maywood-apartments-champaign-il/jcvk767/
"51 E John St, Champaign, IL 61820",895,4 beds,apartments.com,https://www.apartments.com/maywood-apartments-champaign-il/jcvk767/
"112 E Green St, Champaign, IL 61820",850,2 beds,apartments.com,https://www.apartments.com/112-green-champaign-il/7yrs9vx/
"112 E Green St, Champaign, IL 61820",900,2 beds,apartments.com,https://www.apartments.com/112-green-champaign-il/7yrs9vx/
"1205 E Florida Ave, Urbana, IL 61801",899,2 beds,apartments.com,https://www.apartments.com/parkside-pets-allowed-urbana-il/dlj34rj/
"1205 E Florida Ave, Urbana, IL 61801",949,2 beds,apartments.com,https://www.apartments.com/parkside-pets-allowed-urbana-il/dlj34rj/
"1905 N Cunningham Ave, Urbana, IL 61802",865,Studio,apartments.com,https://www.apartments.com/eastland-apartments-llc-urbana-il/5y9mhqq/
"1905 N Cunningham Ave, Urbana, IL 61802","1,145",1 bed,apartments.com,https://www.apartments.com/eastland-apartments-llc-urbana-il/5y9mhqq/
"1905 N Cunningham Ave, Urbana, IL 61802","1,295",2 beds,apartments.com,https://www.apartments.com/eastland-apartments-llc-urbana-il/5y9mhqq/
"1905 N Cunningham Ave, Urbana, IL 61802","1,385",2 beds,apartments.com,https://www.apartments.com/eastland-apartments-llc-urbana-il/5y9mhqq/
"615 S Wright St, Champaign, IL 61820","1,800",2 beds,apartments.com,https://www.apartments.com/smile-student-living-615-s-wright-champaign-il/wlk1bpk/
"615 S Wright St, Champaign, IL 61820","1,850",2 beds,apartments.com,https://www.apartments.com/smile-student-living-615-s-wright-champaign-il/wlk1bpk/
"615 S Wright St, Champaign, IL 61820","2,650",3 beds,apartments.com,https://www.apartments.com/smile-student-living-615-s-wright-champaign-il/wlk1bpk/
"615 S Wright St, Champaign, IL 61820","2,700",3 beds,apartments.com,https://www.apartments.com/smile-student-living-615-s-wright-champaign-il/wlk1bpk/
"112 E Chalmers St, Champaign, IL 61820",950,3 beds,apartments.com,https://www.apartments.com/lancaster-apartments-champaign-il/7jkpfzy/
"112 E Chalmers St, Champaign, IL 61820",895,4 beds,apartments.com,https://www.apartments.com/lancaster-apartments-champaign-il/7jkpfzy/
"28 E Green St, Champaign, IL 61820","1,715",1 bed,apartments.com,https://www.apartments.com/pacifica-on-green-champaign-il/qdf14jw/
"28 E Green St, Champaign, IL 61820","1,760",1 bed,apartments.com,https://www.apartments.com/pacifica-on-green-champaign-il/qdf14jw/
"28 E Green St, Champaign, IL 61820","1,515",2 beds,apartments.com,https://www.apartments.com/pacifica-on-green-champaign-il/qdf14jw/
"28 E Green St, Champaign, IL 61820",965,3 beds,apartments.com,https://www.apartments.com/pacifica-on-green-champaign-il/qdf14jw/
"28 E Green St, Champaign, IL 61820",875,4 beds,apartments.com,https://www.apartments.com/pacifica-on-green-champaign-il/qdf14jw/
"502 W Green St, Urbana, IL 61801",500,4 beds,apartments.com,https://www.apartments.com/campus-oaks-urbana-il/l1ydpfg/
"410 N Lincoln Ave, Urbana, IL 61801","1,259",Studio,apartments.com,https://www.apartments.com/yugo-urbana-illinois-urbana-il/5dhexwm/
"410 N Lincoln Ave, Urbana, IL 61801","1,549",1 bed,apartments.com,https://www.apartments.com/yugo-urbana-illinois-urbana-il/5dhexwm/
"410 N Lincoln Ave, Urbana, IL 61801","1,029",2 beds,apartments.com,https://www.apartments.com/yugo-urbana-illinois-urbana-il/5dhexwm/
"410 N Lincoln Ave, Urbana, IL 61801","1,039",2 beds,apartments.com,https://www.apartments.com/yugo-urbana-illinois-urbana-il/5dhexwm/
"410 N Lincoln Ave, Urbana, IL 61801","1,039",2 beds,apartments.com,https://www.apartments.com/yugo-urbana-illinois-urbana-il/5dhexwm/
"410 N Lincoln Ave, Urbana, IL 61801","1,049",2 beds,apartments.com,https://www.apartments.com/yugo-urbana-illinois-urbana-il/5dhexwm/
"410 N Lincoln Ave, Urbana, IL 61801","739",4 beds,apartments.com,https://www.apartments.com/yugo-urbana-illinois-urbana-il/5dhexwm/
"404 E Michigan Ave, Urbana, IL 61801","1,025",2 beds,apartments.com,https://www.apartments.com/michigan-east-campus-property-management-urbana-il/bnkt6dc/
"404 E Michigan Ave, Urbana, IL 61801","1,075",2 beds,apartments.com,https://www.apartments.com/michigan-east-campus-property-management-urbana-il/bnkt6dc/
"404 E Michigan Ave, Urbana, IL 61801",800,2 beds,apartments.com,https://www.apartments.com/michigan-east-campus-property-management-urbana-il/bnkt6dc/
"404 E Michigan Ave, Urbana, IL 61801","980",2 beds,apartments.com,https://www.apartments.com/michigan-east-campus-property-management-urbana-il/bnkt6dc/
"404 E Michigan Ave, Urbana, IL 61801",775,2 beds,apartments.com,https://www.apartments.com/michigan-east-campus-property-management-urbana-il/bnkt6dc/
"404 E Michigan Ave, Urbana, IL 61801",875,3 beds,apartments.com,https://www.apartments.com/michigan-east-campus-property-management-urbana-il/bnkt6dc/
"404 E Michigan Ave, Urbana, IL 61801","1,025",1 bed,apartments.com,https://www.apartments.com/michigan-east-campus-property-management-urbana-il/bnkt6dc/
"404 E Michigan Ave, Urbana, IL 61801",770,2 beds,apartments.com,https://www.apartments.com/michigan-east-campus-property-management-urbana-il/bnkt6dc/
"1601 N Lincoln Ave, Urbana, IL 61801",685,2 beds,apartments.com,https://www.apartments.com/the-linc-urbana-il/3lf7bxf/
"1601 N Lincoln Ave, Urbana, IL 61801",590,3 beds,apartments.com,https://www.apartments.com/the-linc-urbana-il/3lf7bxf/
"1601 N Lincoln Ave, Urbana, IL 61801",540,4 beds,apartments.com,https://www.apartments.com/the-linc-urbana-il/3lf7bxf/
"1321 N Lincoln Ave, Urbana, IL 61801","1,245",1 bed,apartments.com,https://www.apartments.com/onyx-urbana-il/r66bf70/
"1321 N Lincoln Ave, Urbana, IL 61801",655,2 beds,apartments.com,https://www.apartments.com/onyx-urbana-il/r66bf70/
"1321 N Lincoln Ave, Urbana, IL 61801",675,2 beds,apartments.com,https://www.apartments.com/onyx-urbana-il/r66bf70/
"1321 N Lincoln Ave, Urbana, IL 61801",490,4 beds,apartments.com,https://www.apartments.com/onyx-urbana-il/r66bf70/
"410 E Green St, Champaign, IL 61820",950,3 beds,apartments.com,https://www.apartments.com/skylight-court-champaign-il/pf0recs/
"410 E Green St, Champaign, IL 61820","1,000",3 beds,apartments.com,https://www.apartments.com/skylight-court-champaign-il/pf0recs/
"509 E Green St, Champaign, IL 61820","1,100",2 beds,apartments.com,https://www.apartments.com/bankier-apartments-champaign-il/wb3k2dh/
"707 S 4th St, Champaign, IL 61820","1,799",Studio,apartments.com,https://www.apartments.com/seven07-champaign-il/f4cwczs/
"707 S 4th St, Champaign, IL 61820","1,839",Studio,apartments.com,https://www.apartments.com/seven07-champaign-il/f4cwczs/
"707 S 4th St, Champaign, IL 61820","1,989",1 bed,apartments.com,https://www.apartments.com/seven07-champaign-il/f4cwczs/
"707 S 4th St, Champaign, IL 61820","1,289",2 beds,apartments.com,https://www.apartments.com/seven07-champaign-il/f4cwczs/
"707 S 4th St, Champaign, IL 61820","1,305",2 beds,apartments.com,https://www.apartments.com/seven07-champaign-il/f4cwczs/
"707 S 4th St, Champaign, IL 61820","1,330",2 beds,apartments.com,https://www.apartments.com/seven07-champaign-il/f4cwczs/
"707 S 4th St, Champaign, IL 61820","1,499",2 beds,apartments.com,https://www.apartments.com/seven07-champaign-il/f4cwczs/
"707 S 4th St, Champaign, IL 61820","1,220",3 beds,apartments.com,https://www.apartments.com/seven07-champaign-il/f4cwczs/
"707 S 4th St, Champaign, IL 61820",969,4 beds,apartments.com,https://www.apartments.com/seven07-champaign-il/f4cwczs/
"707 S 4th St, Champaign, IL 61820","1,059",4 beds,apartments.com,https://www.apartments.com/seven07-champaign-il/f4cwczs/
"707 S 4th St, Champaign, IL 61820","1,099",4 beds,apartments.com,https://www.apartments.com/seven07-champaign-il/f4cwczs/
"11 E Columbia Ave, Champaign, IL 61820","1,050",1 bed,apartments.com,https://www.apartments.com/the-quarters-champaign-il/w7dm2dj/
"11 E Columbia Ave, Champaign, IL 61820","1,315",2 beds,apartments.com,https://www.apartments.com/the-quarters-champaign-il/w7dm2dj/
"512 S Third St, Champaign, IL 61820","779",2 beds,apartments.com,https://www.apartments.com/yugo-champaign-south-3rd-lofts-champaign-il/v90x0te/
"512 S Third St, Champaign, IL 61820","819",2 beds,apartments.com,https://www.apartments.com/yugo-champaign-south-3rd-lofts-champaign-il/v90x0te/
"512 S Third St, Champaign, IL 61820","939",2 beds,apartments.com,https://www.apartments.com/yugo-champaign-south-3rd-lofts-champaign-il/v90x0te/
"512 S Third St, Champaign, IL 61820","1,019",2 beds,apartments.com,https://www.apartments.com/yugo-champaign-south-3rd-lofts-champaign-il/v90x0te/
"512 S Third St, Champaign, IL 61820",939,2 beds,apartments.com,https://www.apartments.com/yugo-champaign-south-3rd-lofts-champaign-il/v90x0te/
"512 S Third St, Champaign, IL 61820","699",3 beds,apartments.com,https://www.apartments.com/yugo-champaign-south-3rd-lofts-champaign-il/v90x0te/
"512 S Third St, Champaign, IL 61820","709",3 beds,apartments.com,https://www.apartments.com/yugo-champaign-south-3rd-lofts-champaign-il/v90x0te/
"512 S Third St, Champaign, IL 61820","739",3 beds,apartments.com,https://www.apartments.com/yugo-champaign-south-3rd-lofts-champaign-il/v90x0te/
"512 S Third St, Champaign, IL 61820","799",3 beds,apartments.com,https://www.apartments.com/yugo-champaign-south-3rd-lofts-champaign-il/v90x0te/
"512 S Third St, Champaign, IL 61820","859",3 beds,apartments.com,https://www.apartments.com/yugo-champaign-south-3rd-lofts-champaign-il/v90x0te/
"512 S Third St, Champaign, IL 61820","669",4 beds,apartments.com,https://www.apartments.com/yugo-champaign-south-3rd-lofts-champaign-il/v90x0te/
"512 S Third St, Champaign, IL 61820","689",4 beds,apartments.com,https://www.apartments.com/yugo-champaign-south-3rd-lofts-champaign-il/v90x0te/
"512 S Third St, Champaign, IL 61820","709",4 beds,apartments.com,https://www.apartments.com/yugo-champaign-south-3rd-lofts-champaign-il/v90x0te/
"512 S Third St, Champaign, IL 61820","739",4 beds,apartments.com,https://www.apartments.com/yugo-champaign-south-3rd-lofts-champaign-il/v90x0te/
"512 S Third St, Champaign, IL 61820","779",4 beds,apartments.com,https://www.apartments.com/yugo-champaign-south-3rd-lofts-champaign-il/v90x0te/
"200 S Vine St, Urbana, IL 61802","1,495",2 beds,apartments.com,https://www.apartments.com/200-vine-st-urbana-il/smjcy14/
"200 S Vine St, Urbana, IL 61802","1,575",2 beds,apartments.com,https://www.apartments.com/200-vine-st-urbana-il/smjcy14/
"200 S Vine St, Urbana, IL 61802","1,700",3 beds,apartments.com,https://www.apartments.com/200-vine-st-urbana-il/smjcy14/
"200 S Vine St, Urbana, IL 61802","1,750",3 beds,apartments.com,https://www.apartments.com/200-vine-st-urbana-il/smjcy14/
"911 W Springfield Ave, Urbana, IL 61801",725,1 bed,apartments.com,https://www.apartments.com/bailey-student-apartments-urbana-il/dq87hfk/
"911 W Springfield Ave, Urbana, IL 61801",875,1 bed,apartments.com,https://www.apartments.com/bailey-student-apartments-urbana-il/dq87hfk/
"911 W Springfield Ave, Urbana, IL 61801","1,050",2 beds,apartments.com,https://www.apartments.com/bailey-student-apartments-urbana-il/dq87hfk/
"911 W Springfield Ave, Urbana, IL 61801","1,125",4 beds,apartments.com,https://www.apartments.com/bailey-student-apartments-urbana-il/dq87hfk/
"1306 N Lincoln Ave, Urbana, IL 61801",445,1 bed,apartments.com,https://www.apartments.com/the-atrium-urbana-il/lc5jbfe/
"1306 N Lincoln Ave, Urbana, IL 61801",425,4 beds,apartments.com,https://www.apartments.com/the-atrium-urbana-il/lc5jbfe/
"1714 E Colorado Ave, Urbana, IL 61802","1050",1 bed,apartments.com,https://www.apartments.com/stone-ridge-square-urbana-il/h5bz213/
"1714 E Colorado Ave, Urbana, IL 61802","1,150",2 beds,apartments.com,https://www.apartments.com/stone-ridge-square-urbana-il/h5bz213/
"1714 E Colorado Ave, Urbana, IL 61802","1,215",2 beds,apartments.com,https://www.apartments.com/stone-ridge-square-urbana-il/h5bz213/
"1714 E Colorado Ave, Urbana, IL 61802","1,375",3 beds,apartments.com,https://www.apartments.com/stone-ridge-square-urbana-il/h5bz213/
"314 S State St, Champaign, IL 61820","1,375",1 bed,apartments.com,https://www.apartments.com/314-s-state-st-champaign-il/c74n4wf/
"314 S State St, Champaign, IL 61820","1,325",1 bed,apartments.com,https://www.apartments.com/314-s-state-st-champaign-il/c74n4wf/
"314 S State St, Champaign, IL 61820","1,695",2 beds,apartments.com,https://www.apartments.com/314-s-state-st-champaign-il/c74n4wf/
"405 E Stoughton St, Champaign, IL 61820","1,315",Studio,apartments.com,https://www.apartments.com/405-e-stoughton-st-champaign-il/0twzme1/
"405 E Stoughton St, Champaign, IL 61820","1,485",1 bed,apartments.com,https://www.apartments.com/405-e-stoughton-st-champaign-il/0twzme1/
"405 E Stoughton St, Champaign, IL 61820","1,175",2 beds,apartments.com,https://www.apartments.com/405-e-stoughton-st-champaign-il/0twzme1/
"405 E Stoughton St, Champaign, IL 61820","960",3 beds,apartments.com,https://www.apartments.com/405-e-stoughton-st-champaign-il/0twzme1/
"1009 S 2nd St, Champaign, IL 61820",755,2 beds,apartments.com,https://www.apartments.com/1009-s-2nd-st-champaign-il/kf1ky79/
"1009 S 2nd St, Champaign, IL 61820",645,4 beds,apartments.com,https://www.apartments.com/1009-s-2nd-st-champaign-il/kf1ky79/
"1009 S 2nd St, Champaign, IL 61820","1,150",4 beds,apartments.com,https://www.apartments.com/1009-s-2nd-st-champaign-il/kf1ky79/
"203 S 3rd St, Champaign, IL 61820",550,1 bed,apartments.com,https://www.apartments.com/pfeffer-apartments-available-august-2024-champaign-il/7h106hw/
"203 S 3rd St, Champaign, IL 61820","525",3 beds,apartments.com,https://www.apartments.com/pfeffer-apartments-available-august-2024-champaign-il/7h106hw/
"203 S 3rd St, Champaign, IL 61820","500",4 beds,apartments.com,https://www.apartments.com/pfeffer-apartments-available-august-2024-champaign-il/7h106hw/
"1010 W University Ave, Urbana, IL 61801","1,099",4 beds,apartments.com,https://www.apartments.com/campus-circle-urbana-il/ss0vss7/
"1010 W University Ave, Urbana, IL 61801","1,109",4 beds,apartments.com,https://www.apartments.com/campus-circle-urbana-il/ss0vss7/
"707 W Springfield Ave, Urbana, IL 61801","1,360",1 bed,apartments.com,https://www.apartments.com/707-w-springfield-ave-urbana-il/4tmjqqj/
"707 W Springfield Ave, Urbana, IL 61801","1,675",2 beds,apartments.com,https://www.apartments.com/707-w-springfield-ave-urbana-il/4tmjqqj/
"707 W Springfield Ave, Urbana, IL 61801","1,695",2 beds,apartments.com,https://www.apartments.com/707-w-springfield-ave-urbana-il/4tmjqqj/
"1606 Willow View Rd, Urbana, IL 61802",875,2 beds,apartments.com,https://www.apartments.com/willow-springs-urbana-il/ng7e5tq/
"1606 Willow View Rd, Urbana, IL 61802",895,2 beds,apartments.com,https://www.apartments.com/willow-springs-urbana-il/ng7e5tq/
"1606 Willow View Rd, Urbana, IL 61802","1,490",2 beds,apartments.com,https://www.apartments.com/willow-springs-urbana-il/ng7e5tq/
"1601 E Florida Ave, Urbana, IL 61802",629,2 beds,apartments.com,https://www.apartments.com/the-pointe-at-u-of-i-urbana-il/wgyx9eh/
"1601 E Florida Ave, Urbana, IL 61802",525,3 beds,apartments.com,https://www.apartments.com/the-pointe-at-u-of-i-urbana-il/wgyx9eh/
"908 N Broadway Ave, Urbana, IL 61801",775,1 bed,apartments.com,https://www.apartments.com/university-park-urbana-il/gkps53x/
"908 N Broadway Ave, Urbana, IL 61801",895,2 beds,apartments.com,https://www.apartments.com/university-park-urbana-il/gkps53x/
"907 E Harding Dr, Urbana, IL 61801","550",2 beds,apartments.com,https://www.apartments.com/windsor-duplexes-urbana-il/t5nzvr9/
"1557 S Hunter St, Urbana, IL 61802",700,1 bed,apartments.com,https://www.apartments.com/aspen-court-apartments-urbana-il/9wepsf7/
"1557 S Hunter St, Urbana, IL 61802",900,2 beds,apartments.com,https://www.apartments.com/aspen-court-apartments-urbana-il/9wepsf7/
"1557 S Hunter St, Urbana, IL 61802","1,000",3 beds,apartments.com,https://www.apartments.com/aspen-court-apartments-urbana-il/9wepsf7/
"502 W Main St, Urbana, IL 61801",760,Studio,apartments.com,https://www.apartments.com/element-on-main-urbana-il/lbjkd1f/
"502 W Main St, Urbana, IL 61801",855,1 bed,apartments.com,https://www.apartments.com/element-on-main-urbana-il/lbjkd1f/
"502 W Main St, Urbana, IL 61801",920,2 beds,apartments.com,https://www.apartments.com/element-on-main-urbana-il/lbjkd1f/
"502 W Main St, Urbana, IL 61801","1,040",3 beds,apartments.com,https://www.apartments.com/element-on-main-urbana-il/lbjkd1f/
"2502 Prairie Green Dr, Urbana, IL 61802",775,1 bed,apartments.com,https://www.apartments.com/prairie-green-apartment-homes-urbana-il/v6xrr5e/
"2502 Prairie Green Dr, Urbana, IL 61802",875,2 beds,apartments.com,https://www.apartments.com/prairie-green-apartment-homes-urbana-il/v6xrr5e/
"2502 Prairie Green Dr, Urbana, IL 61802","1,050",3 beds,apartments.com,https://www.apartments.com/prairie-green-apartment-homes-urbana-il/v6xrr5e/
"305 W Clark St, Champaign, IL 61820","1,395",1 bed,apartments.com,https://www.apartments.com/305-w-clark-st-champaign-il/gtp0gpz/
"305 W Clark St, Champaign, IL 61820","1,670",2 beds,apartments.com,https://www.apartments.com/305-w-clark-st-champaign-il/gtp0gpz/
"409 E Chalmers St, Champaign, IL 61820","9,000",2 beds,apartments.com,https://www.apartments.com/illini-tower-apartments-champaign-il/p97zg3t/
"409 E Chalmers St, Champaign, IL 61820","21,500",2 beds,apartments.com,https://www.apartments.com/illini-tower-apartments-champaign-il/p97zg3t/
"409 E Chalmers St, Champaign, IL 61820","9,750",2 beds,apartments.com,https://www.apartments.com/illini-tower-apartments-champaign-il/p97zg3t/
"409 E Chalmers St, Champaign, IL 61820","15,500",3 beds,apartments.com,https://www.apartments.com/illini-tower-apartments-champaign-il/p97zg3t/
"409 E Chalmers St, Champaign, IL 61820","15,500",4 beds,apartments.com,https://www.apartments.com/illini-tower-apartments-champaign-il/p97zg3t/
"310 E Springfield Ave, Champaign, IL 61820","1,519",Studio,apartments.com,https://www.apartments.com/burnham-310-champaign-il/5g3k2lm/
"310 E Springfield Ave, Champaign, IL 61820","1,375",1 bed,apartments.com,https://www.apartments.com/burnham-310-champaign-il/5g3k2lm/
"310 E Springfield Ave, Champaign, IL 61820","1,485",1 bed,apartments.com,https://www.apartments.com/burnham-310-champaign-il/5g3k2lm/
"310 E Springfield Ave, Champaign, IL 61820","1,610",1 bed,apartments.com,https://www.apartments.com/burnham-310-champaign-il/5g3k2lm/
"310 E Springfield Ave, Champaign, IL 61820","1,665",1 bed,apartments.com,https://www.apartments.com/burnham-310-champaign-il/5g3k2lm/
"310 E Springfield Ave, Champaign, IL 61820","1,670",1 bed,apartments.com,https://www.apartments.com/burnham-310-champaign-il/5g3k2lm/
"310 E Springfield Ave, Champaign, IL 61820","1,675",1 bed,apartments.com,https://www.apartments.com/burnham-310-champaign-il/5g3k2lm/
"310 E Springfield Ave, Champaign, IL 61820","1,690",1 bed,apartments.com,https://www.apartments.com/burnham-310-champaign-il/5g3k2lm/
"310 E Springfield Ave, Champaign, IL 61820","1,730",1 bed,apartments.com,https://www.apartments.com/burnham-310-champaign-il/5g3k2lm/
"310 E Springfield Ave, Champaign, IL 61820","999",2 beds,apartments.com,https://www.apartments.com/burnham-310-champaign-il/5g3k2lm/
"310 E Springfield Ave, Champaign, IL 61820","1,024",2 beds,apartments.com,https://www.apartments.com/burnham-310-champaign-il/5g3k2lm/
"310 E Springfield Ave, Champaign, IL 61820","1,034",2 beds,apartments.com,https://www.apartments.com/burnham-310-champaign-il/5g3k2lm/
"310 E Springfield Ave, Champaign, IL 61820",910,3 beds,apartments.com,https://www.apartments.com/burnham-310-champaign-il/5g3k2lm/
"708 S 6th St, Champaign, IL 61820","1,650",Studio,apartments.com,https://www.apartments.com/the-dean-campustown-champaign-il/lvrmgtd/
"708 S 6th St, Champaign, IL 61820","1,820",Studio,apartments.com,https://www.apartments.com/the-dean-campustown-champaign-il/lvrmgtd/
"708 S 6th St, Champaign, IL 61820","1,950",Studio,apartments.com,https://www.apartments.com/the-dean-campustown-champaign-il/lvrmgtd/
"708 S 6th St, Champaign, IL 61820","1,245",2 beds,apartments.com,https://www.apartments.com/the-dean-campustown-champaign-il/lvrmgtd/
"708 S 6th St, Champaign, IL 61820","1,600",2 beds,apartments.com,https://www.apartments.com/the-dean-campustown-champaign-il/lvrmgtd/
"708 S 6th St, Champaign, IL 61820","1,025",4 beds,apartments.com,https://www.apartments.com/the-dean-campustown-champaign-il/lvrmgtd/
"708 S 6th St, Champaign, IL 61820","1,175",4 beds,apartments.com,https://www.apartments.com/the-dean-campustown-champaign-il/lvrmgtd/
"708 S 6th St, Champaign, IL 61820","1,120",4 beds,apartments.com,https://www.apartments.com/the-dean-campustown-champaign-il/lvrmgtd/
"708 S 6th St, Champaign, IL 61820","1,165",4 beds,apartments.com,https://www.apartments.com/the-dean-campustown-champaign-il/lvrmgtd/
"708 S 6th St, Champaign, IL 61820","1,195",4 beds,apartments.com,https://www.apartments.com/the-dean-campustown-champaign-il/lvrmgtd/
"301 W University Ave, Champaign, IL 61820","1,375",1 bed,apartments.com,https://www.apartments.com/301-w-university-ave-champaign-il/zl9q6xy/
"608 E University Ave, Champaign, IL 61820","1,425",1 bed,apartments.com,https://www.apartments.com/latitude-student-housing-champaign-il/vntmh0d/
"608 E University Ave, Champaign, IL 61820","1,530",1 bed,apartments.com,https://www.apartments.com/latitude-student-housing-champaign-il/vntmh0d/
"608 E University Ave, Champaign, IL 61820","1,899",1 bed,apartments.com,https://www.apartments.com/latitude-student-housing-champaign-il/vntmh0d/
"608 E University Ave, Champaign, IL 61820",899,2 beds,apartments.com,https://www.apartments.com/latitude-student-housing-champaign-il/vntmh0d/
"608 E University Ave, Champaign, IL 61820",815,4 beds,apartments.com,https://www.apartments.com/latitude-student-housing-champaign-il/vntmh0d/
"705 S 1st St, Champaign, IL 61820",633,3 beds,apartments.com,https://www.apartments.com/705-s-1st-st-champaign-il/ek8q17q/
"705 S 1st St, Champaign, IL 61820",496,4 beds,apartments.com,https://www.apartments.com/705-s-1st-st-champaign-il/ek8q17q/
"217 S Neil St, Champaign, IL 61820","1,670",2 beds,apartments.com,https://www.apartments.com/134-217-s-neil-champaign-il/1ss3km6/
"217 S Neil St, Champaign, IL 61820","1,720",2 beds,apartments.com,https://www.apartments.com/134-217-s-neil-champaign-il/1ss3km6/
"217 S Neil St, Champaign, IL 61820","1,770",2 beds,apartments.com,https://www.apartments.com/134-217-s-neil-champaign-il/1ss3km6/
"217 S Neil St, Champaign, IL 61820","1,999",2 beds,apartments.com,https://www.apartments.com/134-217-s-neil-champaign-il/1ss3km6/
"713-717 S Randolph St, Champaign, IL 61820",800,2 beds,apartments.com,https://www.apartments.com/the-courtyard-on-randolph-champaign-il/30gpbsd/
"713-717 S Randolph St, Champaign, IL 61820",850,3 beds,apartments.com,https://www.apartments.com/the-courtyard-on-randolph-champaign-il/30gpbsd/
"303 W Green St, Champaign, IL 61820",925,1 bed,apartments.com,https://www.apartments.com/midtown-center-champaign-il/lkf778e/
"303 W Green St, Champaign, IL 61820",600,2 beds,apartments.com,https://www.apartments.com/midtown-center-champaign-il/lkf778e/
"303 W Green St, Champaign, IL 61820",450,3 beds,apartments.com,https://www.apartments.com/midtown-center-champaign-il/lkf778e/
"404 Edgebrook Dr, Champaign, IL 61820",615,Studio,apartments.com,https://www.apartments.com/windcrest-apartments-champaign-il/p8ggsts/
"404 Edgebrook Dr, Champaign, IL 61820",760,1 bed,apartments.com,https://www.apartments.com/windcrest-apartments-champaign-il/p8ggsts/
"404 Edgebrook Dr, Champaign, IL 61820",830,2 beds,apartments.com,https://www.apartments.com/windcrest-apartments-champaign-il/p8ggsts/
"808 N Lincoln Ave, Urbana, IL 61801",995,2 beds,apartments.com,https://www.apartments.com/808-n-lincoln-ave-urbana-il/cxxdl5d/
"813 W Main St, Urbana, IL 61801",995,2 beds,apartments.com,https://www.apartments.com/813-w-main-urbana-il/shcy6h7/
"211 N Central Ave, Urbana, IL 61801",835,1 bed,apartments.com,https://www.apartments.com/211-n-central-urbana-il/y5w3vdt/
"208 N Harvey St, Urbana, IL 61801","1,295",2 beds,apartments.com,https://www.apartments.com/208-n-harvey-st-urbana-il/g0bttqw/
"208 N Harvey St, Urbana, IL 61801","1,695",3 beds,apartments.com,https://www.apartments.com/208-n-harvey-st-urbana-il/g0bttqw/
"1003 W Stoughton St, Urbana, IL 61801","1,050",1 bed,apartments.com,https://www.apartments.com/1003-w-stoughton-urbana-il/5jkv62m/
"1003 W Stoughton St, Urbana, IL 61801","1,050",2 beds,apartments.com,https://www.apartments.com/1003-w-stoughton-urbana-il/5jkv62m/
"302 W Locust St, Urbana, IL 61801",685,1 bed,apartments.com,https://www.apartments.com/302-w-locust-st-urbana-il/x829c0m/
"1302-1304 Silver St, Urbana, IL 61801",840,1 bed,apartments.com,https://www.apartments.com/silver-st-philo-rd-fletcher-st-apts-urbana-il/36lkfye/
"1302-1304 Silver St, Urbana, IL 61801",975,2 beds,apartments.com,https://www.apartments.com/silver-st-philo-rd-fletcher-st-apts-urbana-il/36lkfye/
"705 W Elm St, Urbana, IL 61801",675,Studio,apartments.com,https://www.apartments.com/705-w-elm-st-urbana-il/lhebzff/
"705 W Elm St, Urbana, IL 61801",925,2 beds,apartments.com,https://www.apartments.com/705-w-elm-st-urbana-il/lhebzff/
"705 W Elm St, Urbana, IL 61801","415",3 beds,apartments.com,https://www.apartments.com/705-w-elm-st-urbana-il/lhebzff/
"705 W Elm St, Urbana, IL 61801","1,595",4 beds,apartments.com,https://www.apartments.com/705-w-elm-st-urbana-il/lhebzff/
"202 N Race St, Urbana, IL 61801",840,Studio,apartments.com,https://www.apartments.com/202ra-urbana-il/67mtsqv/
"202 N Race St, Urbana, IL 61801",950,1 bed,apartments.com,https://www.apartments.com/202ra-urbana-il/67mtsqv/
"202 N Race St, Urbana, IL 61801",960,1 bed,apartments.com,https://www.apartments.com/202ra-urbana-il/67mtsqv/
"202 N Race St, Urbana, IL 61801","1,030",2 beds,apartments.com,https://www.apartments.com/202ra-urbana-il/67mtsqv/
"202 N Race St, Urbana, IL 61801","1,075",2 beds,apartments.com,https://www.apartments.com/202ra-urbana-il/67mtsqv/
"202 N Race St, Urbana, IL 61801","1,105",2 beds,apartments.com,https://www.apartments.com/202ra-urbana-il/67mtsqv/
"202 N Race St, Urbana, IL 61801","1,115",2 beds,apartments.com,https://www.apartments.com/202ra-urbana-il/67mtsqv/
"202 N Race St, Urbana, IL 61801","1,130",2 beds,apartments.com,https://www.apartments.com/202ra-urbana-il/67mtsqv/
"202 N Race St, Urbana, IL 61801","1,199",2 beds,apartments.com,https://www.apartments.com/202ra-urbana-il/67mtsqv/
"300 E Fairlawn Dr, Urbana, IL 61801",960,1 bed,apartments.com,https://www.apartments.com/fairlawn-village-urbana-il/09kcqy1/
"300 E Fairlawn Dr, Urbana, IL 61801","1,024",1 bed,apartments.com,https://www.apartments.com/fairlawn-village-urbana-il/09kcqy1/
"300 E Fairlawn Dr, Urbana, IL 61801","1,620",2 beds,apartments.com,https://www.apartments.com/fairlawn-village-urbana-il/09kcqy1/
"300 E Fairlawn Dr, Urbana, IL 61801","515",2 beds,apartments.com,https://www.apartments.com/fairlawn-village-urbana-il/09kcqy1/
"300 E Fairlawn Dr, Urbana, IL 61801","605",2 beds,apartments.com,https://www.apartments.com/fairlawn-village-urbana-il/09kcqy1/
"300 E Fairlawn Dr, Urbana, IL 61801","530",2 beds,apartments.com,https://www.apartments.com/fairlawn-village-urbana-il/09kcqy1/
"300 E Fairlawn Dr, Urbana, IL 61801","550",2 beds,apartments.com,https://www.apartments.com/fairlawn-village-urbana-il/09kcqy1/
"57 E Springfield Ave, Champaign, IL 61820",575,6 beds,apartments.com,https://www.apartments.com/57-e-springfield-ave-champaign-il-champaign-il/4w09dxl/
"1407 S State St, Champaign, IL 61820",940,1 bed,apartments.com,https://www.apartments.com/1407-s-state-st-champaign-il/8j637m1/
"1407 S State St, Champaign, IL 61820","1,045",2 beds,apartments.com,https://www.apartments.com/1407-s-state-st-champaign-il/8j637m1/
"520 N Neil St, Champaign, IL 61820","1,550",1 bed,apartments.com,https://www.apartments.com/520-neil-champaign-il/hbqtr63/
"520 N Neil St, Champaign, IL 61820","1,620",2 beds,apartments.com,https://www.apartments.com/520-neil-champaign-il/hbqtr63/
"520 N Neil St, Champaign, IL 61820","1,720",2 beds,apartments.com,https://www.apartments.com/520-neil-champaign-il/hbqtr63/
"513 N Hickory St, Champaign, IL 61820","1,359",2 beds,apartments.com,https://www.apartments.com/the-hickory-champaign-il/6tn785r/
"513 N Hickory St, Champaign, IL 61820","1,359",2 beds,apartments.com,https://www.apartments.com/the-hickory-champaign-il/6tn785r/
"513 N Hickory St, Champaign, IL 61820","1,376",2 beds,apartments.com,https://www.apartments.com/the-hickory-champaign-il/6tn785r/
"205-209 N Neil St, Champaign, IL 61820","2,000",1 bed,apartments.com,https://www.apartments.com/the-neil-street-spritzer-champaign-il/xwp6xnp/
"205-209 N Neil St, Champaign, IL 61820","3,200",2 beds,apartments.com,https://www.apartments.com/the-neil-street-spritzer-champaign-il/xwp6xnp/
"512 E Stoughton St, Champaign, IL 61820","1,375",2 beds,apartments.com,https://www.apartments.com/512-e-stoughton-st-champaign-il/p8xxnmt/
"307-311 Birch St, Champaign, IL 61820",966,1 bed,apartments.com,https://www.apartments.com/birch-street-apartments-champaign-il/ewn1zrp/
"307-311 Birch St, Champaign, IL 61820",987,1 bed,apartments.com,https://www.apartments.com/birch-street-apartments-champaign-il/ewn1zrp/
"202 E Green St, Champaign, IL 61820","1,225",2 beds,apartments.com,https://www.apartments.com/202-e-green-st-champaign-il/vn1k7tf/
"1107 S 2nd St, Champaign, IL 61820","3,100",4 beds,apartments.com,https://www.apartments.com/1107-s-2nd-st-champaign-il/hm8yzs0/
"1107 S 2nd St, Champaign, IL 61820","3,300",4 beds,apartments.com,https://www.apartments.com/1107-s-2nd-st-champaign-il/hm8yzs0/
"214 E Clark St, Champaign, IL 61820","1,295",1 bed,apartments.com,https://www.apartments.com/214-e-clark-champaign-il/n2drf2q/
"202 E John St, Champaign, IL 61820",750,1 bed,apartments.com,https://www.apartments.com/the-alcove-second-john-champaign-il/fv2vltr/
"202 E John St, Champaign, IL 61820",950,2 beds,apartments.com,https://www.apartments.com/the-alcove-second-john-champaign-il/fv2vltr/
"202 E John St, Champaign, IL 61820","1,100",2 beds,apartments.com,https://www.apartments.com/the-alcove-second-john-champaign-il/fv2vltr/
"202 E John St, Champaign, IL 61820","1,350",3 beds,apartments.com,https://www.apartments.com/the-alcove-second-john-champaign-il/fv2vltr/
"202 E John St, Champaign, IL 61820","1,575",3 beds,apartments.com,https://www.apartments.com/the-alcove-second-john-champaign-il/fv2vltr/
"202 E John St, Champaign, IL 61820","3,000",6 beds,apartments.com,https://www.apartments.com/the-alcove-second-john-champaign-il/fv2vltr/
"17 E University Ave, Champaign, IL 61820","1,015",Studio,apartments.com,https://www.apartments.com/the-inman-by-royse-brinkmeyer-champaign-il/r1klpj0/
"17 E University Ave, Champaign, IL 61820","1,010",Studio,apartments.com,https://www.apartments.com/the-inman-by-royse-brinkmeyer-champaign-il/r1klpj0/
"17 E University Ave, Champaign, IL 61820",970,Studio,apartments.com,https://www.apartments.com/the-inman-by-royse-brinkmeyer-champaign-il/r1klpj0/
"17 E University Ave, Champaign, IL 61820","1,100",1 bed,apartments.com,https://www.apartments.com/the-inman-by-royse-brinkmeyer-champaign-il/r1klpj0/
"17 E University Ave, Champaign, IL 61820","1,360",2 beds,apartments.com,https://www.apartments.com/the-inman-by-royse-brinkmeyer-champaign-il/r1klpj0/
"1008 S 4th St, Champaign, IL 61820","1,110",Studio,apartments.com,https://www.apartments.com/1008-s-4th-champaign-il/kwhk1y8/
"1008 S 4th St, Champaign, IL 61820","1,370",1 bed,apartments.com,https://www.apartments.com/1008-s-4th-champaign-il/kwhk1y8/
"1008 S 4th St, Champaign, IL 61820",970,2 beds,apartments.com,https://www.apartments.com/1008-s-4th-champaign-il/kwhk1y8/
"1008 S 4th St, Champaign, IL 61820",985,4 beds,apartments.com,https://www.apartments.com/1008-s-4th-champaign-il/kwhk1y8/
"1008 S 4th St, Champaign, IL 61820",860,5 beds,apartments.com,https://www.apartments.com/1008-s-4th-champaign-il/kwhk1y8/
"711 S Lynn St, Urbana, IL 61801","1,150",2 beds,apartments.com,https://www.apartments.com/711-s-lynn-st-urbana-il/6c2jxxr/
"711 S Lynn St, Urbana, IL 61801","1,195",2 beds,apartments.com,https://www.apartments.com/711-s-lynn-st-urbana-il/6c2jxxr/
"2403 Sharlyn Drive, Urbana, IL 61802",960,2 beds,apartments.com,https://www.apartments.com/2403-sharlyn-drive-urbana-il/5w1266q/
"104 S Grove St, Urbana, IL 61802",780,1 bed,apartments.com,https://www.apartments.com/104-s-grove-st-urbana-il-unit-9/x9ye7gp/
"104 S Grove St, Urbana, IL 61802",840,1 bed,apartments.com,https://www.apartments.com/104-s-grove-st-urbana-il-unit-9/x9ye7gp/
"610 W Elm St, Urbana, IL 61801",645,Studio,apartments.com,https://www.apartments.com/610-w-elm-st-urbana-il/sk5zzj5/
"610 W Elm St, Urbana, IL 61801","750",2 beds,apartments.com,https://www.apartments.com/610-w-elm-st-urbana-il/sk5zzj5/